Time (s),Photometer (mg/L)
0,0.331799775
0.99938,0.331751317
2.000756,0.704891324
3.000145,2.867227316
3.999525,3.947943449
5.000901,16.7569828
5.99826,36.3233757
6.99967,43.19116974
7.999042,43.85425949
8.998404,38.15823364
9.999806,43.101017
10.99916,39.83109665
12.00056,34.70613861
12.99994,34.3117981
13.99933,28.04226112
14.99871,28.79494476
16.00009,28.50892448
16.99948,30.4485302
17.99882,25.19565201
19.00023,30.03125572
20.0016,30.5779438
21.00099,32.87348938
22.00037,31.82247925
22.99975,30.10748291
23.9991,38.39095306
25.00051,35.20061874
25.99989,31.36746025
26.99928,39.71932983
28.00065,45.74007034
29,39.81085587
29.99939,33.19439697
31.0008,33.62904739
32.00018,35.07262421
32.99956,38.83000565
34.00093,30.39974594
35.00032,24.41905022
35.9997,23.74454689
37.00108,22.91485596
38.00046,24.93540192
38.99984,25.40161514
40.00121,26.64149475
41.0006,26.50930786
41.99998,28.41711044
43.00136,32.29763412
44.00074,31.35794449
45.00211,31.05929375
46.00147,29.40530205
47.00088,26.46714211
48.00226,26.53794098
49.00164,26.91972733
50.00299,26.30513
51.0024,28.02523804
52.00179,27.24905205
53.00116,25.42490578
54.00453,25.25673294
55.00192,26.51922417
56.00131,24.54125214
57.00268,24.66837311
58.00203,23.96205711
59.00142,23.49291801
60.00282,23.78587341
61.0022,24.26051521
62.00159,24.64804649
63.00296,24.78977585
64.00234,25.22322273
65.00173,24.21152115
66.0031,23.06947327
67.00248,24.04296303
68.00184,24.48117447
69.00321,24.17226601
70.0026,23.755867
71.00201,23.32486916
72.00336,23.3792305
73.00276,22.94875336
74.00212,24.06663895
75.00349,23.08739853
76.00288,23.31413269
77.00229,23.30283165
78.00367,22.68051338
79.00302,23.22405815
80.0024,23.42297745
81.00381,23.4677906
82.00319,23.42132378
83.00254,23.71048355
84.00392,23.61831474
85.00333,23.77846336
86.00272,23.368433
87.00409,23.69802475
88.00345,23.53197861
89.00485,23.53505135
90.00423,22.99733925
91.0056,22.94943047
92.00299,22.73613358
93.00437,22.52704048
94.00375,22.46136475
95.00513,22.30892944
96.00448,22.36688995
97.0039,22.47118187
98.00328,22.02088356
99.00465,22.37419319
100.004,22.15174484
101.0034,22.21370506
102.0048,21.98077011
103.0042,22.20406914
104.0036,22.46150398
105.0049,21.42570496
106.0043,21.94117355
107.0037,21.7467804
108.0051,21.89505577
109.0045,21.85350609
110.0038,21.77375603
111.0052,21.85766411
112.0046,21.75052834
113.006,21.75374985
114.0054,22.02983284
115.0047,22.02606964
116.0061,22.19974709
117.0055,21.49359703
118.0068,21.76120567
119.0043,21.7380867
120.0056,21.51976967
121.005,21.25197983
122.0044,21.15050125
123.0058,21.19147301
124.0051,21.0160408
125.0045,20.49678612
126.0059,21.20676041
127.0053,21.33154869
128.0047,21.15857887
129.0061,20.61231995
130.0074,20.95186996
131.0048,20.33844757
132.0062,20.33533669
133.0056,20.22870827
134.0069,20.11213303
135.0063,20.1909771
136.0057,20.20037079
137.0071,20.3611908
138.0065,20.77372742
139.0059,20.31912994
140.0072,20.23506927
141.0066,20.68405342
142.0079,20.87064171
143.0073,20.7755146
144.0066,20.53848648
145.008,20.36844063
146.0073,20.55044365
147.0067,20.64172935
148.006,20.07339287
149.0073,20.06334305
150.0067,19.79056931
151.008,19.73600006
152.0074,19.63275528
153.0067,19.20288086
154.0081,19.47913933
155.0074,19.23690414
156.0068,19.17043114
157.0061,19.70352173
158.0075,19.25779343
159.0068,19.62623405
160.0082,19.55193901
161.0075,19.12138176
162.0069,19.19840622
163.0062,19.13029289
164.0075,19.11634827
165.0069,18.92510986
166.0062,18.96627998
167.0076,18.83726692
168.0069,19.22755623
169.0083,19.08296776
170.0076,18.55218887
171.007,18.859375
172.0083,19.20129585
173.0076,18.92601013
174.0065,18.34363365
175.0071,17.94445038
176.0064,18.17479706
177.0078,17.82048035
178.0071,18.19531822
179.0065,18.48812485
180.0078,18.15054131
181.0071,17.74503326
182.0065,17.89698219
183.0079,18.21522522
184.0072,18.20780563
185.0066,18.14364815
186.0079,18.1703949
187.0092,18.14687347
188.0066,18.60577965
189.0079,18.79597473
190.0073,18.45374489
191.0086,18.65315056
192.008,18.04972839
193.0073,18.13054466
194.0067,17.72184944
195.008,17.71568871
196.0074,17.53437042
197.0087,17.43454933
198.0081,17.338274
199.0094,17.5411644
200.0087,17.67126846
201.0081,17.72301102
202.0075,17.5484848
203.0068,16.99755287
204.0081,17.28715897
205.0095,17.22057533
206.0068,17.32161522
207.0082,17.41758537
208.0075,17.49834442
209.0069,17.26900291
210.0082,16.97010231
211.0076,16.75499725
212.0069,16.69083977
213.0082,16.69783974
214.0076,16.87216187
215.0089,16.9774189
216.0083,16.7535286
217.0076,16.83548927
218.007,17.18873215
219.0084,17.00679588
220.0077,16.52421379
221.007,16.80718803
222.0084,16.6315937
223.0077,16.45412254
224.0091,16.6210289
225.0084,16.66557693
226.0097,16.54787254
227.0091,16.31464386
228.0085,16.25744438
229.0098,16.57901573
230.0071,16.50716019
231.0085,16.34108734
232.0078,16.36422539
233.0112,16.6177063
234.0086,16.35814667
235.0099,16.08985138
236.0092,16.19008827
237.0086,16.24259949
238.0079,16.21565819
239.0093,15.95841217
240.0086,15.79582691
241.008,15.59349346
242.0093,16.05647469
243.0087,16.12081528
244.008,15.98209381
245.0093,16.09641647
246.0087,16.11250496
247.0081,15.88167763
248.0094,15.57546997
249.0087,15.78627872
250.0081,15.890975
251.0094,16.0285244
252.0088,15.93097878
253.0081,15.80774879
254.0095,15.73397255
255.0088,15.49390888
256.0102,15.43698883
257.0095,15.67047501
258.0089,15.4179678
259.0102,15.24513626
260.0095,15.27482796
261.0089,15.26729584
262.0082,15.42882061
263.0096,15.63439178
264.009,15.46683979
265.0083,15.4529705
266.0097,15.328825
267.009,15.24338531
268.0083,15.083395
269.0097,14.84878063
270.009,14.97428131
271.0084,14.70655632
272.0117,14.98618221
273.0091,15.16362095
274.0104,15.00812817
275.0097,14.82236481
276.0091,15.00257492
277.0084,14.91283417
278.0098,14.58727074
279.0092,14.69025612
280.0105,14.81026363
281.0098,14.47762966
282.0092,14.5569725
283.0085,14.58705807
284.0099,14.0217905
285.0112,14.31441784
286.0086,14.59778786
287.0099,14.3829546
288.0113,14.36045647
289.0106,14.43571091
290.01,14.34490204
291.0093,14.52061749
292.0087,14.43794727
293.01,14.10240364
294.0094,14.12318134
295.0107,14.15553951
296.01,14.04508877
297.0094,14.22294331
298.0107,14.20631981
299.0101,13.95821953
300.0094,14.06422043
301.0088,14.13200665
302.0101,13.95073318
303.0115,13.9816885
304.0088,13.68971348
305.0102,13.4557085
306.0095,13.7052393
307.0109,13.83249378
308.0122,13.66051865
309.0095,13.72259617
310.0109,13.70960045
311.0103,13.78654194
312.0116,13.56548023
313.0109,13.69085407
314.0103,13.70844173
315.0116,13.36770344
316.009,13.53568745
317.0103,13.45085907
318.0097,13.22045803
319.009,13.37810612
320.0104,13.78910828
321.0097,13.69647598
322.0091,13.52985287
323.0104,13.62899017
324.0097,13.60276699
325.0091,13.46874237
326.0105,13.40625572
327.0098,13.38015461
328.0092,13.12375069
329.0105,13.22198105
330.0099,13.22514629
331.0112,13.27149868
332.0106,12.93094158
333.0099,13.08757687
334.0112,12.91231728
335.0106,12.44665432
336.0099,12.78550053
337.0113,12.80619812
338.0106,12.99567604
339.01,12.94040012
340.0113,12.39733028
341.0107,12.57719994
342.012,12.59008408
343.0114,12.61025333
344.0107,12.46671581
345.0101,12.24340248
346.0114,12.20541763
347.0107,12.26659203
348.0121,12.10493469
349.0114,12.24290943
350.0108,12.1480608
351.0101,12.0195179
352.0115,11.95800781
353.0108,12.07837296
354.0102,12.02008247
355.0115,11.76216221
356.0109,11.70241833
357.0102,11.85200119
358.0116,11.78916836
359.0109,11.88790607
360.0123,11.7284584
361.0116,11.55000401
362.011,11.76211166
363.0103,11.79910851
364.0116,11.61907768
365.011,11.46404552
366.0103,11.57730389
367.0117,11.54334164
368.011,11.46889114
369.0104,11.31800842
370.0117,11.54984379
371.0111,11.41135216
372.0104,11.71171379
373.0117,11.57915497
374.0111,11.59815216
375.0104,11.56617355
376.0118,11.51464462
377.0112,11.21437168
378.0105,11.08122349
379.0118,11.23258877
380.0132,11.17421532
381.0105,11.00465965
382.0119,11.06591988
383.0112,11.13458443
384.0126,11.1512785
385.0119,11.05837059
386.0113,10.9995594
387.0106,11.07723618
388.012,10.8442831
389.0113,10.81348419
390.0107,10.82119656
391.012,11.02685261
392.0134,10.62615395
393.0107,10.84932709
394.0121,10.74318314
395.0134,10.72203445
396.0127,10.7869482
397.0121,10.67316914
398.0114,10.58611679
399.0108,10.85607338
400.0121,10.6037302
401.0135,10.58526897
402.0128,10.55216789
403.0122,10.55813217
404.0115,10.49643707
405.0129,10.24753571
406.0122,10.53891277
407.0116,10.43784428
408.0109,10.29494095
409.0123,10.07904911
410.0116,10.31862354
411.011,10.24266338
412.0123,10.43087578
413.0116,10.33571815
414.013,10.144104
415.0123,10.14025307
416.0117,10.27120876
417.011,10.3330946
418.0124,10.3112402
419.0117,10.08347511
420.0111,10.06323051
421.0124,9.937534332
422.0118,10.12261486
423.0131,10.14094162
424.0124,9.969347
425.0118,10.17320251
426.0132,10.01790333
427.0125,9.737551689
428.0119,9.817116737
429.0132,10.00839615
430.0125,10.22105694
431.0119,10.16305542
432.0132,9.850089073
433.0126,9.927547455
434.0119,9.76205349
435.0133,9.826347351
436.0126,9.820567131
437.012,9.727555275
438.0133,9.650557518
439.0126,9.544268608
440.012,9.689107895
441.0133,9.700616837
442.0127,9.444627762
443.012,9.409377098
444.0133,9.549525261
445.0127,9.421517372
446.012,9.333540916
447.0133,9.504126549
448.0127,9.462040901
449.012,9.302775383
450.0133,9.238517761
451.0127,9.389217377
452.014,9.316695213
453.0133,9.279359818
454.0126,9.308048248
455.012,9.341421127
456.0133,9.320408821
457.0126,9.064480782
458.012,9.028139114
459.0133,9.036277771
460.0127,9.24104023
461.014,9.414674759
462.0133,9.066626549
463.0127,8.999590874
464.012,8.996873856
465.0133,8.979119301
466.0126,9.126214027
467.012,9.059454918
468.0133,8.868081093
469.0146,8.878997803
470.012,8.895066261
471.0133,9.052796364
472.0147,8.953479767
473.012,8.795525551
474.0123,9.02713871
475.0137,9.160330772
476.013,9.196609497
477.0123,8.866940498
478.0137,8.787808418
479.013,8.742553711
480.0123,8.940511704
481.0136,8.875573158
482.013,8.571108818
483.0143,8.652126312
484.0136,8.648385048
485.013,8.63771534
486.0123,8.552975655
487.0137,8.670873642
488.013,8.560317993
489.0123,8.298892975
490.0137,8.340299606
491.013,8.184762001
492.0123,8.158189774
493.0136,8.349380493
494.013,8.144454002
495.0143,8.371287346
496.0137,8.454726219
497.013,8.522069931
498.0143,8.20251751
499.0137,8.107253075
500.013,8.219417572
501.0123,8.376883507
502.0137,8.122391701
503.013,8.322398186
504.0143,8.259040833
505.0136,8.248940468
506.013,8.145677567
507.0123,8.175601006
508.0137,8.022089005
509.013,8.058555603
510.0123,7.961571693
511.0157,8.03817749
512.013,8.044218063
513.0123,7.926541805
514.0136,7.857374191
515.013,7.990991592
516.0123,7.892569542
517.0137,7.827590466
518.015,7.956642151
519.0143,8.064373016
520.0137,7.942915916
521.013,7.84284687
522.0123,7.715419292
523.0137,7.954527378
524.015,7.76884222
525.0123,7.669538021
526.0136,7.723614216
527.013,7.695387363
528.0123,7.590447426
529.0137,7.599177837
530.013,7.595705509
531.0123,7.666685581
532.0136,7.612882614
533.013,7.501142502
534.0123,7.542666912
535.0136,7.522176743
536.013,7.512788773
537.0143,7.593197823
538.0137,7.608023167
539.015,7.589672089
540.0123,7.591041565
541.0137,7.465531349
542.013,7.47915411
543.0123,7.453500271
544.0137,7.428241253
545.015,7.415807247
546.0123,7.341107369
547.0137,7.208860397
548.013,7.176374912
549.0123,7.167777062
550.0137,7.282454014
551.013,7.430742264
552.0123,7.533463955
553.0137,7.635474205
554.013,7.513390541
555.0143,7.394909859
556.0136,7.558261871
557.013,7.653374195
558.0123,7.65718317
559.0137,7.389168739
560.013,6.978792191
561.0123,6.931952953
562.0137,6.980834007
563.013,6.971590042
564.0143,6.923681259
565.0137,7.039262772
566.013,6.9817729
567.0143,7.01294899
568.0136,7.061707497
569.013,6.969137669
570.0143,6.763060093
571.0137,6.868443966
572.015,6.927990437
573.0143,6.82929945
574.0137,6.838945866
575.013,6.952783108
576.0143,6.79360199
577.0136,6.771499634
578.015,6.942632675
579.0143,6.7499156
580.0137,6.750699043
581.013,6.817208767
582.0143,6.722864151
583.0137,6.688708305
584.013,6.657692432
585.0143,6.598144531
586.0137,6.73440361
587.013,6.651674271
588.0143,6.627709866
589.0136,6.495055199
590.015,6.411828995
591.0143,6.460211754
592.0136,6.678107262
593.015,6.733712673
594.0163,6.549492836
595.0137,6.427993298
596.013,6.444521427
597.0143,6.359691143
598.0137,6.327030659
599.013,6.445888519
600.0143,6.47710228
601.0136,6.495889664
602.013,6.491156101
603.0143,6.59452486
604.0136,6.424935818
605.015,6.4949193
606.0143,6.511590958
607.0136,6.246827126
608.015,6.153069019
609.0143,6.30694294
610.0136,6.168729782
611.015,6.219965935
612.0143,6.279057026
613.0156,6.225711346
614.013,6.269036293
615.0143,6.192768574
616.0136,6.196625233
617.013,5.981180191
618.0143,5.982793331
619.0156,6.0400424
620.013,5.95073843
621.0143,5.963701725
622.0136,5.908693314
623.013,5.969126701
624.0143,6.026836395
625.0136,6.097124577
626.0149,6.008486271
627.0143,5.912755013
628.0156,5.909967423
629.013,5.861435413
630.0143,5.799914837
631.0136,5.863090515
632.013,5.883801937
633.0143,5.981165886
634.0136,5.860348225
635.013,5.91106844
636.0143,5.711384296
637.0136,5.688560486
638.013,5.868570328
639.0143,5.707299709
640.0136,5.730351448
641.013,5.693869114
642.0143,5.66582489
643.0136,5.650234699
644.013,5.649128437
645.0143,5.730683327
646.0136,5.699645519
647.013,5.752308369
648.0143,5.692009449
649.0136,5.754350185
650.015,5.790373325
651.0143,5.610667229
652.0136,5.668720245
653.013,5.611767769
654.0143,5.636484623
655.0136,5.549727917
656.0149,5.648532391
657.0143,5.614990234
658.0136,5.608690739
659.015,5.48045969
660.0143,5.475314617
661.0136,5.325079918
662.015,5.335744381
663.0143,5.486555576
664.0156,5.410090923
665.0149,5.501627445
666.0143,5.555544376
667.0156,5.398725987
668.015,5.311930656
669.0143,5.275579929
670.0136,5.332221508
671.0149,5.468211651
672.0143,5.257668972
673.0136,5.255843639
674.0149,5.27195406
675.0143,5.288631916
676.0136,5.229121208
677.015,5.158268452
678.0143,5.218306541
679.0136,5.211634636
680.015,5.245872498
681.0143,5.270533085
682.0136,5.273688793
683.015,5.304281235
684.0143,5.185944557
685.0136,5.117189884
686.0149,5.139046192
687.0143,5.183859348
688.0136,5.144414425
689.015,5.142230988
690.0143,5.1802454
691.0136,5.232070923
692.015,5.133074284
693.0143,5.034473419
694.0136,5.137343407
695.015,5.022175789
696.0143,4.911185265
697.0136,4.900092125
698.015,4.957692623
699.0143,4.975739956
700.0156,4.924514294
701.0149,4.910514832
702.0143,4.895531178
703.0136,4.943318844
704.015,5.040318012
705.0163,5.005043507
706.0136,5.001723766
707.015,4.909013271
708.0143,4.810173988
709.0156,4.743430138
710.0149,4.815174103
711.0143,4.803767204
712.0156,4.701162338
713.015,4.786177635
714.0163,4.765760899
715.0156,4.73223114
716.015,4.726864338
717.0163,4.692337036
718.0136,4.699086189
719.015,4.601850033
720.0163,4.643213749
721.0136,4.607936859
722.015,4.568173885
723.0143,4.559111595
724.0156,4.603579998
725.015,4.619724751
726.0143,4.515822887
727.0136,4.433749676
728.0149,4.580082893
729.0143,4.651772499
730.0136,4.546445847
731.015,4.520345211
732.0143,4.513028622
733.0136,4.550677776
734.0149,4.427950382
735.0163,4.469724178
736.0136,4.520892143
737.015,4.538161755
738.0143,4.501610279
739.0156,4.45015955
740.015,4.419328213
741.0163,4.439663887
742.0136,4.322718144
743.0149,4.404359818
744.0143,4.333885193
745.0136,4.329926491
746.0149,4.351788521
747.0143,4.362905026
748.0136,4.253225803
749.0149,4.215676308
750.0142,4.285130501
751.0156,4.350883007
752.0149,4.300220013
753.0142,4.387550354
754.0155,4.317687035
755.0149,4.266008377
756.0142,4.265973091
757.0155,4.200528145
758.0149,4.256509781
759.0142,4.233093262
760.0155,4.194531918
761.0148,4.156129837
762.0142,4.11888504
763.0155,4.208374977
764.0148,4.219880104
765.0141,4.137248039
766.0155,4.228960991
767.0148,4.191549301
768.0141,4.12360096
769.0155,4.072562218
770.0148,4.002519608
771.0141,4.09278965
772.0154,4.088436127
773.0148,4.077373028
774.0141,4.079571247
775.0154,4.056381702
776.0148,4.151916981
777.0141,4.13825655
778.0154,3.955998898
779.0147,4.066537857
780.014,4.062468052
781.0154,4.010298252
782.0147,4.010288239
783.014,3.948014021
784.0153,3.898393869
785.0147,3.929983854
786.014,3.976345062
787.0153,3.916914702
788.0147,3.927442312
789.014,3.908147335
790.0153,3.944416285
791.0147,3.970640659
792.014,3.992889404
793.0153,3.946329355
794.0146,3.884446621
795.014,3.874690771
796.0153,3.839691639
797.0166,3.861747503
798.0159,3.894543171
799.0153,3.7806952
800.0166,3.763134003
801.0139,3.812893391
802.0153,3.826209545
803.0146,3.939301491
804.0139,3.863656044
805.0152,3.732069016
806.0145,3.738574743
807.0139,3.68409586
808.0152,3.643241167
809.0146,3.714190483
810.0139,3.686489582
811.0152,3.640433073
812.0165,3.660964251
813.0139,3.607961178
814.0152,3.573452711
815.0165,3.541448116
816.0138,3.499634743
817.0152,3.522782564
818.0145,3.57612443
819.0138,3.604732037
820.0151,3.582810164
821.0145,3.655482531
822.0138,3.580951929
823.0151,3.448037863
824.0145,3.464587688
825.0158,3.4719975
826.0151,3.532586813
827.0144,3.584450007
828.0138,3.524506331
829.0151,3.52912879
830.0144,3.506257772
831.0158,3.512906313
832.0151,3.47189045
833.0164,3.469961405
834.0137,3.523799419
835.0151,3.502621174
836.0144,3.463694811
837.0137,3.496745348
838.015,3.488248825
839.0143,3.468914747
840.0137,3.400480747
841.015,3.413979769
842.0144,3.381814957
843.0137,3.465448856
844.015,3.448978186
845.0143,3.377244473
846.0157,3.329029322
847.015,3.351970911
848.0143,3.286895514
849.0156,3.387818575
850.015,3.34550333
851.0143,3.254409313
852.0156,3.22466588
853.015,3.282766581
854.0143,3.257560492
855.0156,3.202094555
856.0149,3.219973326
857.0143,3.168117285
858.0156,3.151904821
859.0149,3.164840937
860.0143,3.142963648
861.0156,3.175107479
862.0149,3.23167038
863.0162,3.235589027
864.0155,3.263493776
865.0149,3.272525549
866.0142,3.252737045
867.0155,3.245765448
868.0149,3.18668294
869.0142,3.156942844
870.0155,3.207728624
871.0149,3.164751768
872.0142,3.128577232
873.0155,3.177156925
874.0148,3.181790113
875.0142,3.133870363
876.0155,3.16235137
877.0148,3.143986702
878.0161,3.118912935
879.0155,3.144282579
880.0148,3.086436033
881.0141,3.015913725
882.0154,3.072187185
883.0148,3.030095577
884.0141,3.026906729
885.0154,3.029987335
886.0148,3.038777113
887.0161,3.050124645
888.0154,3.010061026
889.0147,3.019091606
890.0161,2.998752594
891.0154,2.981530666
892.0147,2.981422424
893.014,2.975991249
894.0154,2.989563704
895.0167,2.966054678
896.014,2.927867174
897.0153,2.933171988
898.0147,3.00463295
899.014,2.990816593
900.0153,2.951560974
901.0147,2.93450284
902.014,2.985249996
903.0153,2.9379282
904.0146,2.951754808
905.0139,2.886223316
906.0153,2.894495964
907.0146,2.947309017
908.0139,2.902071476
909.0153,2.89872241
910.0166,2.850539684
911.0139,2.871781588
912.0152,2.936819315
913.0145,2.86767602
914.0139,2.880529881
915.0152,2.854155302
916.0145,2.792683363
917.0139,2.839405775
918.0152,2.811441898
919.0145,2.809217453
920.0158,2.830035448
921.0152,2.829979658
922.0145,2.878940344
923.0138,2.877131939
924.0152,2.847190857
925.0145,2.814068794
926.0158,2.774240017
927.0151,2.769892454
928.0145,2.744929791
929.0138,2.677555561
930.0151,2.704969645
931.0144,2.724796057
932.0137,2.734843254
933.0151,2.756103993
934.0144,2.768528462
935.0137,2.679168224
936.0151,2.733213425
937.0144,2.727450371
938.0157,2.657604694
939.0151,2.648470879
940.0144,2.7182374
941.0157,2.657847405
942.015,2.665474892
943.0144,2.662428618
944.0157,2.686957359
945.015,2.600582123
946.0143,2.627089977
947.0157,2.642415047
948.015,2.701338053
949.0163,2.641499281
950.0156,2.574268818
951.015,2.62569356
952.0143,2.636219025
953.0156,2.583120108
954.015,2.593829632
955.0143,2.62117219
956.0156,2.547526836
957.0149,2.611341715
958.0143,2.55681777
959.0176,2.533606052
960.0149,2.479138613
961.0162,2.557647705
962.0156,2.545801878
963.0149,2.56928277
964.0142,2.533852816
965.0155,2.493703604
966.0149,2.512195349
967.0142,2.50722456
968.0155,2.465243101
969.0148,2.45349288
970.0142,2.503498793
971.0155,2.540936232
972.0148,2.470313311
973.0142,2.418802023
974.0155,2.391869307
975.0148,2.399219513
976.0141,2.392194033
977.0155,2.416430235
978.0148,2.435598135
979.0161,2.39688015
980.0154,2.403755665
981.0147,2.382671595
982.0141,2.38995409
983.0154,2.366713047
984.0167,2.384596109
985.0141,2.352063417
986.0154,2.395194531
987.0147,2.385570288
988.016,2.392189503
989.0153,2.404726267
990.0147,2.333070755
991.014,2.339161158
992.0153,2.314243078
993.0147,2.348362207
994.014,2.352024555
995.0153,2.335406065
996.0147,2.338109732
997.014,2.319494247
998.0153,2.311735869
999.0146,2.269095421
1000.014,2.280088902
1001.015,2.304940701
1002.017,2.293521404
1003.014,2.252817631
1004.015,2.268397331
1005.015,2.273926735
1006.014,2.282177925
1007.015,2.249906063
1008.015,2.230159044
1009.014,2.201043606
1010.015,2.166859627
1011.015,2.188747883
1012.014,2.172452211
1013.015,2.24495554
1014.017,2.22941494
1015.016,2.220654964
1016.015,2.256645918
1017.015,2.264370441
1018.014,2.215583801
1019.015,2.182196617
1020.014,2.176811457
1021.014,2.169696331
1022.015,2.166908264
1023.014,2.225906134
1024.016,2.227629662
1025.015,2.144450903
1026.014,2.157442093
1027.014,2.061430454
1028.015,2.10368228
1029.014,2.164084673
1030.014,2.144986868
1031.015,2.125277042
1032.014,2.128602266
1033.016,2.089391232
1034.015,2.076574087
1035.014,2.115846157
1036.016,2.086811304
1037.015,2.047967911
1038.014,2.055987358
1039.016,2.066216946
1040.015,2.040188074
1041.014,2.052729607
1042.016,2.065043688
1043.015,2.064113617
1044.014,2.105478048
1045.016,2.101241112
1046.015,2.056952953
1047.016,2.075203419
1048.016,2.065035105
1049.015,2.019680023
1050.014,2.037153482
1051.016,2.004297018
1052.015,2.008600235
1053.016,1.997762322
1054.016,1.947966576
1055.015,1.9468261
1056.014,1.990381002
1057.016,1.937725782
1058.015,1.970406413
1059.014,1.933582902
1060.016,1.987445712
1061.015,1.925767064
1062.014,1.940904379
1063.016,1.884799719
1064.015,1.902122021
1065.014,1.917481661
1066.016,1.913224697
1067.015,1.882043958
1068.014,1.913794994
1069.015,1.906931877
1070.015,1.909546614
1071.014,1.912734032
1072.015,1.893238783
1073.015,1.912957907
1074.014,1.905628324
1075.015,1.934772015
1076.015,1.926014423
1077.014,1.928976178
1078.015,1.901790142
1079.015,1.869929552
1080.014,1.867570281
1081.015,1.896776915
1082.017,1.909855247
1083.014,1.898420453
1084.015,1.833830714
1085.015,1.830967426
1086.014,1.807278872
1087.015,1.785183907
1088.015,1.808160543
1089.016,1.792239189
1090.015,1.780884743
1091.017,1.852325678
1092.014,1.849106908
1093.015,1.789354563
1094.015,1.804944634
1095.014,1.783660889
1096.015,1.808303833
1097.015,1.793055534
1098.016,1.776367903
1099.015,1.778278112
1100.015,1.757015467
1101.014,1.734256029
1102.015,1.736722112
1103.017,1.71835959
1104.016,1.730722904
1105.015,1.76665628
1106.015,1.763489842
1107.014,1.733311296
1108.015,1.715080023
1109.015,1.704744697
1110.016,1.705615759
1111.015,1.684998751
1112.016,1.709350467
1113.014,1.719543338
1114.015,1.717380047
1115.014,1.69389987
1116.016,1.700341225
1117.015,1.696526527
1118.016,1.697236061
1119.014,1.700697184
1120.017,1.71958065
1121.016,1.682805181
1122.016,1.670594096
1123.015,1.659042239
1124.014,1.679230452
1125.016,1.687412143
1126.015,1.681568384
1127.016,1.687452912
1128.016,1.662396789
1129.015,1.654388666
1130.016,1.642312169
1131.016,1.638355613
1132.015,1.640686393
1133.014,1.627617955
1134.018,1.604631186
1135.015,1.615041852
1136.014,1.59622705
1137.016,1.582839489
1138.017,1.583066344
1139.014,1.589458466
1140.016,1.57051146
1141.015,1.583289027
1142.014,1.591703177
1143.016,1.575297356
1144.015,1.571957111
1145.016,1.552695394
1146.016,1.588988781
1147.015,1.582606912
1148.016,1.544377685
1149.016,1.562956929
1150.015,1.583588958
1151.014,1.594040275
1152.016,1.610548735
1153.015,1.598374486
1154.016,1.574910641
1155.016,1.551095843
1156.015,1.518420219
1157.014,1.538315773
1158.016,1.565529347
1159.015,1.562488318
1160.014,1.541854143
1161.015,1.525835633
1162.015,1.498621106
1163.014,1.520085216
1164.015,1.503418326
1165.015,1.496412516
1166.014,1.492905974
1167.015,1.499055505
1168.015,1.498128653
1169.016,1.490089655
1170.015,1.476938367
1171.017,1.481064677
1172.014,1.481006265
1173.015,1.463187456
1174.017,1.445948601
1175.016,1.467992306
1176.015,1.457096934
1177.017,1.451119423
1178.016,1.46233201
1179.015,1.438623667
1180.015,1.458217979
1181.016,1.473193765
1182.015,1.474238873
1183.017,1.463486433
1184.014,1.470220804
1185.015,1.435338497
1186.017,1.413947582
1187.014,1.414248705
1188.015,1.414124489
1189.015,1.441990018
1190.014,1.399402976
1191.015,1.407335877
1192.017,1.390460968
1193.016,1.408839941
1194.015,1.407410145
1195.015,1.378552914
1196.014,1.370802283
1197.017,1.381621242
1198.017,1.390114665
1199.016,1.361468434
1200.015,1.356570602
1201.016,1.35501349
1202.016,1.363739133
1203.015,1.358515024
1204.014,1.379243255
1205.016,1.371280909
1206.015,1.36415112
1207.014,1.36274004
1208.014,1.347659349
1209.015,1.331900477
1210.016,1.321829915
1211.014,1.315363765
1212.015,1.347366571
1213.016,1.342868209
1214.016,1.317610145
1215.015,1.291151881
1216.014,1.309813976
1217.018,1.317478657
1218.015,1.303208709
1219.014,1.287513018
1220.016,1.342092156
1221.015,1.325071812
1222.016,1.317847133
1223.016,1.302642703
1224.015,1.308665633
1225.016,1.269484401
1226.016,1.293167949
1227.015,1.267975926
1228.016,1.271523953
1229.016,1.287565231
1230.015,1.260257959
1231.014,1.265586495
1232.016,1.266579151
1233.015,1.295650363
1234.014,1.27866447
1235.016,1.299103022
1236.015,1.303101897
1237.014,1.280995846
1238.016,1.25649941
1239.015,1.241134524
1240.016,1.253389001
1241.016,1.285645008
1242.015,1.260001421
1243.016,1.249436736
1244.015,1.227001786
1245.015,1.247291803
1246.016,1.242970347
1247.015,1.209107518
1248.015,1.217464447
1249.016,1.208833814
1250.015,1.189760208
1251.015,1.212187767
1252.014,1.227683663
1253.015,1.202330947
1254.015,1.203726053
1255.014,1.235897183
1256.015,1.245767713
1257.015,1.207150579
1258.014,1.179542303
1259.015,1.196073771
1260.015,1.189858198
1261.016,1.180370569
1262.015,1.153508425
1263.015,1.157195687
1264.016,1.158807755
1265.015,1.178632617
1266.017,1.179718971
1267.014,1.164335966
1268.015,1.154017568
1269.015,1.158627272
1270.014,1.145143509
1271.015,1.151504278
1272.017,1.178197742
1273.016,1.142551184
1274.015,1.148119092
1275.017,1.152600884
1276.014,1.157882571
1277.015,1.148257494
1278.017,1.146863341
1279.016,1.139311075
1280.015,1.166713357
1281.016,1.161207438
1282.014,1.135107279
1283.015,1.15108335
1284.016,1.149688602
1285.014,1.135464191
1286.015,1.131793618
1287.014,1.123512983
1288.014,1.092350125
1289.015,1.113843083
1290.016,1.105774403
1291.014,1.113012552
1292.015,1.1045084
1293.016,1.101518154
1294.014,1.09519136
1295.015,1.092955828
1296.016,1.075287581
1297.016,1.077832222
1298.017,1.078341007
1299.014,1.055455327
1300.014,1.0578233
1301.017,1.055092335
1302.016,1.06921804
1303.016,1.040293694
1304.015,1.047626615
1305.016,1.040355206
1306.014,1.0562886
1307.015,1.034652948
1308.014,1.035685778
1309.014,1.027405858
1310.015,1.031359553
1311.014,1.027716279
1312.018,1.029232264
1313.015,1.033067703
1314.016,1.042552471
1315.016,1.025437713
1316.015,1.029274344
1317.014,1.024088144
1318.015,1.034965396
1319.015,1.02100718
1320.014,1.036459684
1321.015,1.031163454
1322.015,1.027348638
1323.016,1.007881045
1324.015,1.008609772
1325.015,1.026976824
1326.016,1.01502943
1327.015,1.018687725
1328.015,1.004415155
1329.016,1.003015518
1330.015,0.999147475
1331.015,1.011406779
1332.016,0.982988954
1333.015,0.986380398
1334.015,0.996161401
1335.016,0.993563831
1336.015,0.982900262
1337.015,0.982511401
1338.016,0.982641459
1339.015,0.98290658
1340.015,0.984151602
1341.016,0.986665309
1342.015,0.975159764
1343.015,0.973588646
1344.016,0.975200653
1345.015,0.95119077
1346.015,0.949004948
1347.016,0.967705667
1348.015,0.979468584
1349.015,0.968388975
1350.016,0.935142696
1351.015,0.94495976
1352.015,0.942754507
1353.016,0.929530084
1354.015,0.930229485
1355.015,0.944756687
1356.016,0.943897843
1357.015,0.932280421
1358.014,0.946599186
1359.014,0.918117821
1360.015,0.910670161
1361.016,0.924928784
1362.016,0.925842822
1363.015,0.912500024
1364.016,0.914354742
1365.016,0.917186856
1366.015,0.927734017
1367.014,0.913420498
1368.016,0.916361272
1369.015,0.887058377
1370.014,0.891076863
1371.016,0.893344045
1372.015,0.895790875
1373.014,0.891537249
1374.014,0.884850025
1375.015,0.884411097
1376.014,0.884822786
1377.014,0.890161932
1378.015,0.882030129
1379.016,0.872786522
1380.014,0.870228171
1381.015,0.858197212
1382.014,0.880531013
1383.016,0.868591249
1384.015,0.877060413
1385.016,0.87474525
1386.016,0.876793921
1387.015,0.870781362
1388.016,0.854315341
1389.014,0.877843022
1390.015,0.873291612
1391.014,0.875615478
1392.014,0.874167442
1393.015,0.865804792
1394.014,0.86624682
1395.014,0.862775624
1396.015,0.858943343
1397.014,0.860827327
1398.013,0.865253687
1399.015,0.872318983
1400.014,0.850829721
1401.013,0.833563685
1402.015,0.832697749
1403.016,0.833296657
1404.013,0.825874865
1405.015,0.817431748
1406.016,0.820158243
1407.015,0.816932321
1408.015,0.816888511
1409.014,0.80594933
1410.015,0.805686891
1411.015,0.807923555
1412.014,0.796206534
1413.015,0.792642832
1414.015,0.803849697
1415.014,0.805753529
1416.015,0.808814526
1417.015,0.792030335
1418.014,0.797399998
1419.015,0.79603833
1420.015,0.798840702
1421.016,0.796667457
1422.017,0.783483625
1423.015,0.795303941
1424.014,0.8029989
1425.015,0.800279617
1426.015,0.805560589
1427.014,0.786413133
1428.017,0.79061532
1429.015,0.78832984
1430.016,0.809774756
1431.015,0.800036609
1432.017,0.788758457
1433.014,0.789791286
1434.015,0.7868976
1435.014,0.786797702
1436.014,0.766950786
1437.015,0.758034289
1438.014,0.773750186
1439.014,0.769430995
1440.015,0.76661402
1441.014,0.768083572
1442.014,0.74801451
1443.015,0.756050348
1444.014,0.756060898
1445.016,0.752808213
1446.015,0.753474474
1447.014,0.756759524
1448.014,0.74306041
1449.015,0.75836581
1450.016,0.752429009
1451.014,0.750183106
1452.015,0.746737778
1453.016,0.745648623
1454.014,0.740480721
1455.015,0.73793596
1456.016,0.753152072
1457.016,0.761313915
1458.015,0.747976005
1459.014,0.738951087
1460.016,0.731194079
1461.015,0.725819767
1462.016,0.735456884
1463.016,0.741466999
1464.015,0.736630499
1465.014,0.746159732
1466.014,0.747238398
1467.015,0.743487775
1468.014,0.734319091
1469.014,0.732284904
1470.015,0.726409674
1471.014,0.73389703
1472.013,0.728827238
1473.015,0.721054852
1474.016,0.706217766
1475.015,0.699353695
1476.015,0.701181233
1477.014,0.694031179
1478.013,0.694003344
1479.015,0.702250898
1480.014,0.701364338
1481.015,0.699118614
1482.015,0.702841044
1483.016,0.702362239
1484.013,0.690588832
1485.015,0.679506481
1486.016,0.681026876
1487.013,0.682284474
1488.015,0.688444495
1489.014,0.686457694
1490.015,0.682082892
1491.015,0.67573297
1492.014,0.681680203
1493.013,0.671530902
1494.015,0.668124259
1495.016,0.67304939
1496.015,0.66165328
1497.015,0.675282359
1498.014,0.677597165
1499.015,0.667124391
1500.015,0.661350787
1501.016,0.663903892
1502.015,0.657921672
1503.015,0.657149673
1504.016,0.649427354
1505.015,0.654201925
1506.015,0.648908973
1507.014,0.652050316
1508.015,0.653319597
1509.014,0.653532863
1510.016,0.646952689
1511.015,0.653027415
1512.014,0.648141444
1513.014,0.651744545
1514.015,0.645423293
1515.014,0.642066479
1516.014,0.641234458
1517.015,0.638301492
1518.014,0.649593592
1519.016,0.649092436
1520.015,0.651227176
1521.014,0.649861634
1522.016,0.651756942
1523.015,0.644412339
1524.014,0.643240511
1525.016,0.633686602
1526.017,0.629767001
1527.014,0.626523972
1528.016,0.628487945
1529.015,0.633102119
1530.014,0.639886677
1531.016,0.633954883
1532.015,0.624114454
1533.014,0.622514546
1534.014,0.628404021
1535.015,0.63014704
1536.014,0.631260514
1537.016,0.620518565
1538.015,0.608748078
1539.014,0.617056012
1540.016,0.617540002
1541.015,0.614215493
1542.014,0.60544014
1543.015,0.611062706
1544.015,0.600465715
1545.016,0.60541743
1546.013,0.602326334
1547.015,0.602513492
1548.014,0.601813853
1549.013,0.599023461
1550.015,0.596601367
1551.016,0.598240197
1552.015,0.590121687
1553.015,0.590384483
1554.014,0.584732711
1555.013,0.582578003
1556.015,0.579859674
1557.016,0.580495
1558.013,0.584566653
1559.015,0.581383348
1560.014,0.576268315
1561.013,0.570085049
1562.015,0.568639338
1563.016,0.572878122
1564.015,0.572334707
1565.015,0.575480938
1566.014,0.577760696
1567.013,0.580407202
1568.015,0.570992827
1569.016,0.569278896
1570.015,0.576326668
1571.015,0.567909837
1572.014,0.564640999
1573.015,0.571069777
1574.015,0.57601428
1575.014,0.57711488
1576.015,0.579048514
1577.015,0.573973119
1578.014,0.5680601
1579.013,0.56867069
1580.014,0.562221706
1581.014,0.562838912
1582.013,0.559634805
1583.014,0.566284597
1584.016,0.563953102
1585.015,0.558703423
1586.014,0.556941092
1587.014,0.554809153
1588.015,0.558212042
1589.014,0.5610044
1590.014,0.552283704
1591.015,0.543675065
1592.014,0.54666388
1593.014,0.550360262
1594.015,0.545899689
1595.014,0.541446388
1596.014,0.526989639
1597.015,0.53154552
1598.014,0.531617761
1599.016,0.527595043
1600.015,0.533476174
1601.014,0.535655558
1602.016,0.53575033
1603.015,0.527936995
1604.014,0.531179369
1605.014,0.527508676
1606.015,0.524951398
1607.014,0.524794102
1608.016,0.525855899
1609.015,0.522126615
1610.016,0.523870051
1611.016,0.519496739
1612.015,0.523068249
1613.014,0.529678881
1614.015,0.535644531
1615.015,0.532301605
1616.014,0.529542804
1617.015,0.528448165
1618.015,0.534310162
1619.014,0.533344686
1620.013,0.528095543
1621.015,0.526817679
1622.014,0.521087825
1623.015,0.517320275
1624.015,0.514841974
1625.014,0.510728359
1626.013,0.513095856
1627.015,0.515477538
1628.014,0.515921712
1629.015,0.51564014
1630.015,0.505199492
1631.014,0.509682417
1632.015,0.510493398
1633.015,0.507143617
1634.014,0.508877337
1635.015,0.506539404
1636.015,0.501901865
1637.014,0.500944316
1638.013,0.506778956
1639.015,0.504418075
1640.016,0.496774435
1641.015,0.496367067
1642.015,0.499712616
1643.016,0.498945147
1644.015,0.495210707
1645.015,0.494680882
1646.016,0.491750091
1647.013,0.490574002
1648.015,0.492590666
1649.014,0.490093172
1650.013,0.487561554
1651.014,0.481526852
1652.016,0.484686405
1653.013,0.485022157
1654.014,0.485723525
1655.016,0.480955631
1656.013,0.480298996
1657.014,0.481722504
1658.016,0.481881678
1659.015,0.478231847
1660.014,0.480297029
1661.014,0.476171881
1662.013,0.4749147
1663.014,0.477013916
1664.014,0.481646448
1665.013,0.480641633
1666.014,0.480722785
1667.014,0.481217533
1668.015,0.479092896
1669.014,0.477414757
1670.014,0.477008015
1671.014,0.474569976
1672.015,0.475242585
1673.015,0.472220808
1674.014,0.473201066
1675.013,0.471764624
1676.015,0.466142058
